,
,
Процессор Intel Xeon E5-2609 v4,"20 799						
p"
Процессор Intel Xeon E5-1620 v4,"22 499						
p"
Процессор AMD Ryzen 7 1700X,"27 999						
p"
Процессор Intel Core i7-4790,"22 799						
p"
Процессор Intel Core i7-4771,"23 799						
p"
Процессор Intel Core i7-6700,"23 499						
p"
Процессор Intel Core i7-4771,"24 999						
p"
Процессор Intel Core i7-7700,"22 499						
p"
Процессор Intel Core i7-6700,"22 299						
p"
Процессор AMD Ryzen 7 1700,"21 299						
p"
Процессор Intel Core i7-4770,"22 499						
p"
Процессор AMD Ryzen 7 1700,"21 299						
p"
Процессор Intel Core i7-7700,"22 999						
p"
Процессор Intel Core i7-6700K,"24 999						
p"
Процессор Intel Xeon E5-1630 v4,"30 999						
p"
Процессор Intel Core i7-6800K,"32 999						
p"
Процессор Intel Core i7-7700K,"25 499						
p"
Процессор Intel Core i7-7700K,"25 299						
p"
Процессор Intel Core i7-4770K,"25 499						
p"
Процессор AMD Ryzen 7 1800X,"34 499						
p"
Процессор Intel Core i7-4930K,"34 799						
p"
Процессор Intel Core i7-6700K,"22 999						
p"
Процессор Intel Xeon E5-2623 v4,"35 499						
p"
Процессор Intel Xeon E5-2630L v4,"46 999						
p"
Процессор Intel Xeon E5-2640 v4,"69 999						
p"
Процессор Intel Core i7-5930K,"43 499						
p"
Процессор Intel Xeon E5-2637 v4,"76 999						
p"
Процессор Intel Xeon E5-1660 v4,"83 499						
p"
Процессор Intel Core i7-6950X,"121 999						
p"
Процессор Intel Xeon E5-2650 v4,"79 499						
p"
